Temp,Humidity,Spotted
47.98973623145471,98.51433513700894,1
50.10224010302734,98.42873114133246,1
48.40414682087716,102.34762778449516,0
52.005204501352154,100.16429408028435,1
51.85480018597492,97.58137646185784,0
52.754977694663886,103.81725300175275,1
50.219829121873985,97.47579996842603,1
52.930854730703174,97.39195732364396,1
50.66600039355532,103.54346464722971,1
50.237177537417175,100.01586447696408,1
49.23924811130475,100.67817583992537,0
52.5817200926021,102.35990948167074,1
47.47520904093144,91.57067125747895,1
52.875240009154915,96.0492817337534,0
47.61656460914009,100.10097746087129,1
46.36785408619497,104.93149249457962,0
48.61020855139172,100.82476034340465,1
48.32680243164209,95.60181493891791,1
53.8577357965221,102.13847860826051,1
52.16752136545816,96.55704629287096,0
49.43191834417713,98.89072731454056,1
48.719161569388035,98.24993042892336,0
43.88786427858063,102.13447199016835,0
53.42234271178141,96.75915479533793,0
58.400318939464874,101.21453177497676,1
51.370683189129345,100.07822136284103,1
53.75831245643244,104.45869487431395,1
50.11066521538163,99.61667803590515,0
53.40187710720803,101.38001489761362,0
50.99105809830888,99.96881677857537,1
50.69052326564534,98.8801629562102,0
52.446385569765454,104.14226519855376,1
43.4312153946006,95.60948065034725,1
53.87324887369939,97.7359576617303,0
48.248296317233645,98.00055850676674,1
42.63432872492706,92.52560265726784,1
47.9888141267099,101.6586013300441,0
52.19063818559577,100.51151242214002,1
51.63426559652239,99.71057649608461,0
50.71487841123356,101.49935408997536,1
53.25450462980831,103.40576442585474,1
46.68607069483875,97.38773225778195,1
53.247166798620405,101.57915495427414,1
48.45039232755468,101.261474107131,0
44.19588401188369,94.0781018399911,1
51.47451579268209,99.7977895613285,1
47.35568411108029,102.90240754178755,0
49.278200181285875,101.81330852891338,1
50.90752385314031,96.74043420709658,0
49.653757679556506,98.40620255018617,1
47.439737840596685,99.3484345368254,1
50.05038935280928,98.56108761241626,1
53.82278945915337,103.50872154438503,1
49.644956542136676,96.44418626409751,0
53.27731708741542,98.86832947557629,0
51.39290430692016,100.74949386036624,1
55.85291456831212,96.36456438469702,0
47.89774936093374,101.38915823222257,1
52.457664845203865,96.33102792559934,0
52.3598632104351,100.95905542323624,0
46.53418821462518,107.49975967517972,0
52.73741155689805,95.75381296571597,0
46.56009401259945,99.62717196096763,0
50.44469995187136,100.33211546651299,1
51.69008275833146,95.10006852808046,0
49.94640602788919,103.72265588507912,0
46.208324686041465,102.59859895858602,0
49.54949973816261,102.47728786540878,1
44.64372727340489,104.60802232127715,0
48.09771713842237,97.44349536419885,1
49.01220898845129,102.88619721107071,0
44.4858924928296,92.31499808483224,1
46.254489466050714,104.03543363410763,0
47.38803673222299,103.01644424654711,0
49.9843190843325,100.38227621724852,0
51.224903047350374,99.97699640356096,0
50.120954549708294,98.8279170618757,0
48.12487709765896,97.53697617240726,0
45.229341021840526,102.47897157697656,0
52.628838344801196,98.53914665723438,0
46.64087013070784,99.03641448507976,0
49.429277256707145,105.1613552185449,0
50.83205709711278,99.9499601633196,0
48.1948606251649,94.6408106076126,1
48.89505111014106,96.21158865157182,1
52.44704236774626,98.73650156196277,0
51.98862344584178,103.09051860857457,1
53.83614908849338,95.41984332627726,0
47.715824357900935,101.43107520947636,0
54.39612283676541,96.86795376280439,0
52.34382462226544,104.96699552911085,1
50.80705455981683,96.21927517415133,1
52.14905029075844,98.74349871952832,0
52.08160051740984,96.19490836322316,0
52.54438520154592,101.16684941072826,1
50.12008784878406,99.37920444066837,0
50.69662509238153,99.48683716274024,1
47.270392212107055,103.685147872838,0
51.18413965187203,100.81058003348471,1
53.751497736138695,96.21795520511273,0
45.6793571889523,98.78770328202697,1
48.5845464217816,98.88470641188538,1
48.0984140910888,97.67345905051339,1
48.83980425524649,97.5233071563504,1
47.305780178754176,97.79820792235124,1
48.95209010278552,98.84456333003148,1
45.672898406487235,95.86352127194914,1
46.25076577468561,103.86028455669413,0
51.88510511308358,102.23776648301306,0
52.412269505197685,99.38732206649388,0
54.657603621046675,99.76801925973915,0
52.58287787148412,99.06933956856962,0
51.199304107216626,102.57461298021455,1
50.670408660840415,98.15248026390121,0
54.24551481496658,96.98093186999044,0
46.937398399552166,101.69056276779183,0
50.23542467971225,99.93685771115531,0
48.05663044808121,103.01105174083105,0
50.156492741393926,102.1838833417234,0
44.84211772944126,104.75026382449792,0
44.206042787884336,101.95242689764453,0
50.43697254384449,99.996044705371,0
48.979853099871875,101.43655251143589,1
47.21883551425746,98.51227095452298,1
50.57041294843821,102.2712787974916,1
48.906130773625065,100.94900113864807,0
53.55465710559096,96.52326807994216,0
48.62253488250556,100.92072984828097,0
48.44940716834007,99.33528683859198,0
53.479854083136274,100.68783532865586,1
46.99513373490672,104.2160268415714,0
54.11556917093065,95.66028150173712,0
43.860641680898574,104.76369434312988,0
55.47749249910602,102.3013298225897,1
54.58376662361816,103.57199293189568,1
47.42724173755105,102.34940422599115,0
43.24276189279034,91.12676233290041,1
50.94581688425222,98.45472574520893,1
48.966820639691086,103.75425518169618,0
47.74239736971409,96.18679767897133,1
47.49856609535033,97.77686789466355,1
42.96649233951077,104.14938037910554,0
55.236011636838235,96.76323400795347,0
50.27947294021709,101.18266376178464,1
45.731079093878726,94.38566484285664,1
50.37293626317791,99.52099752399562,1
57.85254869184304,92.1141956528216,0
49.72679739512252,101.79157577911062,0
48.011885068769054,99.32776132633428,0
44.77155533211474,95.5253520322986,1
47.862250611278185,97.39937236854217,1
55.503326188515715,104.72377200190662,1
44.895371714947075,103.18529950501747,0
53.5750526183176,99.35674622154546,0
53.64061455566695,106.98830265995039,1
47.401163392823506,97.15752848837802,1
54.18241735521696,95.98434667035367,0
53.30413277799315,105.27682242646395,1
52.35672309802278,97.9526659573497,0
42.15665026567252,104.98423140202591,0
54.69052162655411,100.55874925117249,0
48.87711841253317,98.9782909861034,1
50.72905704182969,100.66914714380718,0
50.617150468538824,103.0098360091228,0
49.950612620979825,98.14350284207781,0
46.39024193221794,99.99132815070239,0
56.628485271428474,106.48858037883201,1
42.16321082773049,107.46022728405295,0
54.37785755758529,96.36248147728995,0
46.58191839674554,95.97075668622502,1
45.73496192942043,102.98887386756452,0
51.68588540716045,98.1155097833591,0
51.600250227815636,96.26743568536108,0
47.49410791616364,100.48441355475128,1
54.097669357733636,94.91066826981736,0
50.67675445277997,97.61607500823088,0
41.175593038127346,90.64120506336623,1
53.62003528201012,99.2618071494133,1
50.19060538849648,99.16212460239797,0
52.45993706851889,100.21294420217605,0
55.687549125699825,102.35289932612008,1
52.89596070063172,96.7008264639163,0
47.56211718054156,100.18327439337315,0
48.95643997935474,99.78442578360755,1
51.03414436330888,103.53672758536497,1
54.79571823358045,102.09574706848964,1
53.498606980934355,100.42901013175806,1
48.517887412871694,97.27855179006082,1
44.0486713226891,96.54946831872914,1
50.83056934659056,104.51874709763935,1
45.620237610051305,100.48387952691789,0
45.46533481519479,96.16603472920599,1
48.39643179569897,99.73394696582778,1
50.32724858796327,101.21469974961137,0
58.16341695549826,109.35147102173109,1
49.214905365567404,99.88150793880628,0
51.63670562440338,105.23851302635332,1
48.71057389069081,101.45012922551768,0
48.52815151458091,102.53233850653152,0
49.22836602585779,98.25284040755948,1
51.65795598863213,104.52269575440039,1
48.752468552219305,100.16056537754642,0
51.53994031741851,98.97086943545294,1
49.42698622091296,98.48600626556816,0
42.17603287165514,93.52536788052296,1
53.713282575228,96.626943715709,0
51.5075904257095,98.94640901631884,1
54.61269081954292,102.4557451103067,1
48.187178411665556,96.67693489347378,1
50.67241734299069,99.77442265465788,1
49.44864828451579,96.62630075944,1
55.66074603216529,96.60980841068553,0
51.30459029768185,100.25313556493938,1
48.841263034055714,101.5818952842413,1
46.14745258329844,99.28339429738122,0
48.41234144156112,101.05632484025865,1
51.89226441545192,97.19012139364908,0
53.20956620365096,104.17643728095697,1
51.370219945102086,99.49704614457681,0
49.333739349727395,101.1970403208282,1
47.32371185873933,103.37477562424444,0
46.14694104531506,96.7201081749873,1
52.589949233946605,99.62550125468847,0
47.933144312944286,95.43931198415544,1
49.32537061202347,98.49315280277847,0
46.39549002945789,102.50542942348534,0
46.5021381506469,102.54001854263572,0
56.23270226617781,103.45348944575561,1
50.15706877593404,97.30001150739821,1
48.302780416589876,100.91418146409923,0
48.631718746309986,102.70902038597629,0
49.57079211098898,98.4996491594109,0
52.68422306872604,100.39987167583693,1
50.453870613786144,99.66930110651826,0
53.485289694918094,103.93002611847498,1
50.07434672911699,100.96861566748171,0
46.27387362571636,100.00871029744006,0
46.362251768305974,102.33717903178247,0
48.4657676786948,97.0979459227449,1
47.018783697609834,99.06091087909951,1
52.665242546649296,98.53750809165126,0
54.928097736553724,94.64468756907213,0
48.47595600866744,101.03710634867281,0
46.19983986988113,99.73767707237458,1
51.38027586288197,98.79325564345751,0
49.556397501231274,100.79101497957531,0
51.98128822523405,98.50877357155373,0
46.93976508832294,101.02672456030865,0
49.98498492618994,97.56657213048499,0
50.93656557251871,101.61441361483281,1
51.43486904984935,100.686248553472,0
50.69154313661856,103.82949806703348,1
50.692491489089186,100.12201182959991,1
54.46702495229013,103.43984323973815,1
49.169801911442605,101.47424927428715,0
47.94624238783159,102.75994621753358,0
51.98407941580417,98.71106273797348,0
53.648993887564885,102.60319848780262,1
53.294178655201264,97.05006596544654,0
51.32371063025115,99.28940313055247,0
52.783361745644434,102.06250723761013,1
50.508700256177136,98.7057984381522,1
49.80238507877271,100.45401689917468,0
49.43216616764041,100.08771621724492,1
54.89436996514226,105.94010146955787,1
53.804480877812935,97.77551389248488,0
46.5482864771047,105.54612467712593,0
49.09757515480742,101.9619448965587,1
49.897762620432495,102.77845559995228,1
50.319880068254015,106.30294377359336,0
50.62277180877093,102.54068417241862,0
49.76975352287764,98.27980856906588,0
54.479121001208235,93.94295246218044,0
54.37081525511142,105.7015204187861,1
49.815706869656566,98.65061630940296,1
53.9899699461936,98.59623353412327,1
50.471074632567586,100.9841787924142,1
54.65117479549044,105.46734699433172,1
53.00113695778022,102.76008965201774,1
42.46110593836768,104.92815591794063,0
49.096794341902275,101.18413022392144,0
49.288230681667734,101.80788109292799,0
51.449779449172,96.88027226627277,0
46.33905274150103,97.99492304221161,1
50.91815188841496,99.56686567067175,1
57.180031022990924,92.5935043667566,0
56.20322509941928,97.83729857108344,0
51.27228183885802,100.93745132442618,1
47.22345559743597,102.86738703362857,0
53.52406824208727,107.05007651498336,1
48.451812393502166,100.89569482573162,0
48.62513827389017,100.63726634525683,0
47.566623846444344,98.94434912319645,1
52.97053287124785,103.37501644744063,1
52.967126040992284,102.65410675547622,1
47.537170242549976,100.6556333067215,1
48.083928503927794,100.3562128576767,0
50.84703479913003,102.22919139224126,0
49.63954637169927,101.92809738599684,1
45.12513282736603,96.1395499591431,1
48.49275677459968,96.0377617022339,1
54.52695212588593,105.67064767889238,1
51.38249067944024,97.65974009182322,0
50.342364289890156,98.04711073354017,1
49.638159099007034,96.14060002369311,1
51.942039800492864,96.73906322589808,0
53.69558469346819,94.51530255017283,0
52.35584760672239,100.48897857646072,0
51.37227112401259,103.83416446438706,1
49.53804529837356,103.63517667318904,1
53.606075834542644,95.81732818368651,0
47.22705026384832,99.57519096684604,1
47.75233582522776,101.46646441061053,1
50.735262487031335,99.65652588026654,0
47.28626239393072,101.66033581499485,1
49.02368568552814,99.97576820449841,1
47.180238025483604,96.89463157178098,1
45.402410477696215,92.3226804247567,1
55.45770123168859,102.06412587280357,1
50.675680005363866,100.98497994455478,0
55.20197481788391,95.72147092844129,0
47.89729144342891,94.90190230848677,1
45.49598145585249,102.9610391754936,0
47.71263543768,103.69230323999844,0
52.940253482554276,94.70506951142522,0
53.203615709447845,100.08022097050424,0
53.293935960641335,99.23791211330526,0
46.84513344496683,106.19761520788137,0
51.73442606219122,102.74111123775452,1
49.796013334025126,99.95478965664148,1
53.15138780121137,99.66747040881249,0
44.96011623538949,106.41074033003012,0
51.95768090440536,103.71283727318553,1
62.23754442924894,113.57864434826583,1
53.499779893545465,102.8743982413143,1
47.18997882458666,100.45409367741966,0
47.6973725273956,102.58102330241363,0
49.454144122301685,100.96293716255619,0
48.82958526552037,99.09748959548972,1
51.930871574698614,103.6609561143534,1
48.03363065653989,104.22838421507622,0
48.84289190280322,105.36152548599001,0
52.56173824684973,96.44704201188192,0
46.632553266962276,95.36327447583307,1
48.279109368790344,102.59449587569561,0
51.614353618190975,101.81567121849929,1
55.90674734340926,92.60787580051802,0
49.13225614226623,96.7730286349032,1
45.863447585984986,103.86096074451089,0
50.06827212157597,99.77946362480003,0
54.52894063155999,96.13754912364988,0
57.66958536111752,92.11907758630996,0
49.58081779092342,98.43456157838774,0
51.097025130058256,100.90867693351092,1
50.446739248139615,97.93384829934105,0
51.20643337712562,97.61080028439538,0
43.36046808187875,95.00405631796453,1
51.07005898834031,99.02153078142936,1
47.985783953919686,100.12073282371769,1
50.707850587476464,102.525195929487,1
49.226880495980296,97.25985453802525,1
49.294300688334616,99.84871621979075,1
52.72557109893956,97.91692729116828,1
43.87265682996057,106.44792798419336,0
49.67960675123304,98.57169554068443,0
54.60971296418663,106.88058646163266,1
47.579087813575235,102.84638144367335,0
54.72117761302791,102.56577573618085,1
50.63738209271805,101.12515043603773,1
52.25662818018578,99.90392445925373,0
50.53813788764333,102.41555145352908,0
50.48583483593862,99.27436634668256,0
49.550464283368576,99.14841687698105,1
49.25640637823231,97.72013529939598,1
47.809715054816444,102.84951349686345,0
53.67351443491576,105.43482695615157,1
43.3875598827934,106.73169745855394,0
47.800029932788526,97.13759819122353,1
55.093729741440185,98.77979101221175,1
47.7819075894123,99.53863169163625,1
53.087986613634946,99.0976836592577,0
43.58579643672913,106.39454750386122,0
57.106773119864144,104.58835597727742,1
56.58176830088646,98.89084202481945,0
51.50447541967842,101.16675404638842,1
45.14365630489605,95.0843858336225,1
52.204618320150445,99.88029619527697,1
47.57671639322058,98.29917873344824,1
52.421395299660134,101.17960986615277,1
49.951297853376474,100.8649253381104,0
44.12826085007818,98.35761041218935,1
45.65145616155787,97.61676337351135,1
49.594612428203455,99.59370261159425,1
48.09997194244095,100.14880533340542,0
47.80885561962158,97.77502366614333,1
49.71968258274592,98.41150079732134,1
50.02004426231634,99.27925154489185,0
53.19166945853719,100.34156084893432,0
54.86607900534792,103.20027708725735,1
51.03114479053669,95.23606335139905,0
49.75680379111635,100.06466270839492,0
46.08538465415416,97.62462693827781,1
50.233900442601275,97.83148610016524,1
51.23919809467492,103.81492067329401,1
44.293810166097025,96.55996426982851,1
56.26796583227191,101.90150941816523,1
51.14041112381153,100.7044467216593,1
48.93607853974437,102.00659642512046,1
50.80935197618751,99.89156059282674,1
47.05173067885854,95.46712686600965,1
48.757969660203166,101.62015137604135,0
50.333771119773814,101.63020544080261,1
50.20042888657451,100.17410330857183,0
52.27285466350516,94.47473446272919,0
50.73635619082019,101.72079277556531,1
55.88038771098635,97.65130986398522,0
50.45197358325205,92.75299765577401,0
44.97292232965294,97.4763744920415,1
53.5925840263,98.45569310148204,0
44.35907672183445,102.4207950307948,0
44.13830122064399,108.58882350298144,0
47.632990853050686,99.12482953100714,0
49.56156531083663,100.56037746507211,1
49.63787651744763,101.51925095397735,1
49.52304997399527,100.45229577102381,1
46.36197388634752,98.20427581684362,1
53.66285043388116,96.04343641528344,0
49.26594103421847,101.07515137088262,1
45.87178908861617,103.92516559518532,0
50.425426854111635,99.02324199347188,0
51.27539166217272,97.54004683872466,0
48.080077810444514,100.30705494378374,0
51.080859885186165,100.92493818775435,1
50.29737437844314,99.96214543648301,0
45.97219321935883,96.19124586807322,1
54.78201021197805,93.23681239296741,0
49.698384698003714,95.64700418846513,0
50.211908398659304,98.30623865784709,0
51.14417990940503,96.35178414766818,0
46.38027067930982,103.57044236824903,0
46.58615377030077,102.42083104816226,0
48.03786573024411,104.86577048395678,0
50.11414430311938,102.02819369491576,0
52.93230414200436,95.66650815794539,0
47.69497462363552,101.64664470693124,1
49.79481817303388,101.38103386208762,0
47.92119225950175,99.29807855127825,1
48.484453680514314,99.89297659093428,1
46.80348355985295,103.59134517602594,0
48.72463356016189,103.08542558932767,0
54.132228829203704,103.79828327542435,1
54.309544640478016,100.87331166270714,1
51.04338349811962,99.83502677461094,0
46.18894682473851,103.04023844713177,0
44.86965815199518,105.51845182858938,0
50.48421124705473,101.74997744181728,1
52.18704434328113,99.46627514090854,0
49.75685805013612,101.59533440567247,0
50.559237471501184,98.73395286679548,0
51.9672012564915,98.95861682360385,0
50.4944135870517,98.14975715730736,1
45.85922937089124,101.36991654858471,0
49.28901871658754,100.67706624874504,0
53.277221311267745,98.38826680581556,0
47.12866584124964,100.75155416225351,0
50.593103259183586,97.17612776219194,1
51.12034543306186,101.46739725273657,0
51.35064215709514,100.30368250574854,0
46.04623958406921,105.41209526886595,0
51.75046356504655,101.66366384137625,1
50.22164340051303,99.12654334721529,0
48.139716821402274,102.73255677130568,0
52.34574672614078,100.80237547922466,0
51.97770327541447,104.749949487609,1
54.45160902078706,94.34521845140847,0
48.412506254068965,102.81110606581302,0
48.15669358315002,102.52184667701725,0
47.04283772473472,99.3055853696454,1
48.23960608167085,99.11543473328864,0
50.19542272739474,100.06119799877897,1
47.77851528795957,101.02090385869624,0
46.57598843734197,104.31960542227588,0
51.4475363474293,98.55636941911257,1
47.77458352128689,96.11556912273207,1
49.016562834487765,98.21493831243966,1
50.87492722271112,101.5003125339498,0
54.196926636439514,99.76509461476174,1
53.954013323346054,104.9697756393215,1
53.3089206957025,97.35017515565059,0
42.954267651138274,104.70736797720659,0
55.81867172056292,98.17790216474326,0
52.67407013870006,100.76702968177943,1
50.74869092587102,100.31941165058224,0
54.16091356933313,98.82435375870779,0
52.51539107162487,102.25661177030784,1
45.386058714882985,108.6676884905343,0
47.34213584040081,101.40209761209199,0
47.85904850034733,105.98567746889587,0
47.48882781004369,98.46078402930404,1
52.32501902715857,99.23535043586485,0
49.14753711282592,98.56744080238903,1
45.37031910196097,97.1628885312507,1
47.559965559818274,101.0440146555927,0
52.8655138413686,99.21087679027401,1
46.74521225115885,94.61080347449845,1
49.97713166984193,99.81767740619698,0
53.14848152548542,103.24224017496644,1
50.598822834300805,98.5882592542031,1
51.29975202951095,99.31186417311105,0
51.365236040911306,97.42483795970821,0
57.20195994362248,94.51743941154298,0
52.96674788481845,98.41134108481003,0
51.06181077016612,98.57237463683036,0
53.30526414918577,97.58185692187622,0
42.08310253138225,108.68659099625545,0
58.360283415690766,94.88180116884125,0
49.572540135920676,101.67512025550275,1
51.020719676460814,101.17030611861685,1
46.17717233182986,102.54576335823798,0
49.01590142822964,101.61512823687902,1
46.79429949116068,96.31070696665397,1
41.90817418506981,109.53004887229676,0
50.94905788796276,100.4493474404486,0
51.4261590729424,97.96149509519411,1
47.656591303850476,104.36483472364708,0
52.08888610152366,97.15937543876586,0
51.50655462930301,97.16913118184259,1
48.49057969234019,101.8333260826012,1
50.30353891981737,97.47721535287276,0
45.4160205138342,98.49756981382887,1
44.53425429315676,98.58233680141801,1
47.576412583535834,102.24178991800567,0
54.16163613152775,96.40436288396604,0
47.623049029616475,100.64661318166675,0
46.60235475133262,97.67625618958162,1
53.67735746735602,98.83267629556859,0
49.73393427778818,99.86097468793436,0
49.686439505987174,98.90710536678796,0
47.41084232070905,100.68095283254561,0
53.629126302440646,102.18455354947328,1
51.21119662344036,100.42675291535834,0
51.71094636456031,100.75939412821334,1
48.52738343006179,100.24994520231154,1
52.074758995396046,95.37913457400472,0
53.17393184882947,96.20647817259979,0
48.69840028941665,98.19008663291862,0
50.65528884182581,99.64981101179654,0
47.32160755377387,96.6805372184657,1
57.75360045843413,107.96536668870388,1
49.53653189032156,102.43932791028958,0
47.26734549595922,99.6440647876922,0
54.85472079411931,102.04122608533523,1
47.12214698947799,101.55000041868803,0
54.41838719108722,97.80881676755006,0
51.83551938324128,102.21046700207549,1
49.41260660601795,98.04770900785108,0
45.981493076872106,98.2330101515839,1
51.63957361212909,101.39969236970754,1
53.93193855526511,95.77453886177838,0
49.98668126067146,99.3701618003903,1
56.52405830801506,106.0224531172114,1
46.64254599283442,97.0111335626014,1
50.54559721625333,100.7512759766051,0
46.841437191091465,98.0659372600029,1
48.582561793842494,98.3405495215184,1
48.57790893544806,100.28109420938128,0
49.78638839830656,100.7901666122028,1
53.64390097748416,101.81883494777259,1
52.077678147816,97.71145033457714,0
54.21885522763788,98.45935984217311,0
47.74021088215352,101.85906691415745,0
52.17622944061575,97.90271469279665,0
47.27738304493418,97.94162419503519,1
51.353264910768786,103.19935522597402,1
55.449465206585096,104.10385218632467,1
49.63506938812391,98.57115074119993,0
42.55498149567232,102.61928620097055,0
50.55191136867531,104.09629641563778,1
44.32945000754283,106.06007634193367,0
51.37191971783084,100.11446487729387,0
49.04808255848205,96.1291225536752,1
50.64715941149307,101.18664282542025,0
45.031735596525714,102.48755561359604,0
49.22772984338455,96.44618020276091,0
48.3482485740616,101.40468747492962,0
54.111068048672806,95.14077688731399,0
50.97728488783796,100.9776563885168,1
48.08989560831105,98.83536938445062,1
48.19700586894896,94.49395082164617,1
52.47035092893931,105.54607575683632,1
50.4155557614354,99.43820342972377,0
48.03902051924914,95.52373211730443,1
54.15343280574078,92.36867708617967,0
50.35023674831651,100.49307373665441,1
49.088991777047994,101.79000326818918,1
47.18564804695647,100.44643591317055,1
46.93921163149246,97.49551874678865,1
55.029170259747,98.53714162301922,0
53.0117153039081,98.04788159760461,1
45.637897065699455,105.83328220469141,0
51.19645473096818,100.09544643570065,1
48.75890288576998,99.2332412602794,0
46.033033644693674,95.36076919334674,1
49.71835091694217,99.63158588252017,1
52.21090195703502,98.16470315337958,0
51.49398918811837,99.45048342068785,0
49.755733309568086,100.64380495558333,0
47.75469990295007,99.35950901331621,1
49.06581284029291,99.26382876074335,0
51.905961012811474,97.244900817601,0
50.34831878905418,100.4124306841182,1
50.234551258913115,100.40040676933405,1
53.48011760892951,101.64020941494609,0
47.28097978941281,99.65839242662165,1
52.25272899486034,95.35694500644851,0
51.00779726675918,98.43309054996084,1
48.32732432009954,97.83179455624443,1
49.82062899350197,99.85856608038206,0
56.75574332806064,98.04721716809058,0
42.95464897128298,91.01274271865715,1
46.201994014001116,94.0698416410644,1
50.91534194647976,98.69716487143926,0
52.97477876669173,99.39627541583306,0
53.59767942742563,103.31202294430086,1
54.85657515325953,102.43584318030841,1
46.32016483275948,90.73096633743374,1
50.11459730295307,99.28902679983038,0
55.40502928161678,102.82792068143026,1
51.83686038133332,101.24212975679495,1
54.43022695246245,106.01363624532625,1
52.255986497283615,96.49505142024633,0
51.79456445268308,96.2999876449613,0
52.3792068162272,102.66165351777619,1
54.242663135891775,104.18700461800717,1
42.85447327434159,93.67346061285508,1
50.27699156545967,99.51079454615648,1
54.51002052439986,93.06889776878867,0
54.38390266419674,98.38580496113399,1
50.383380754913134,101.26568392406818,1
47.26631309804561,97.29728776067581,1
50.82580711653648,100.6491971206017,1
49.827336180306986,99.57473235738117,1
51.768444752571064,104.68783561437034,1
47.814596999094206,102.65652263311695,0
44.273688298629644,101.9157922375341,0
51.00448003090041,99.46393106437283,1
47.8966141739755,99.4689686991742,0
49.945831425041504,102.91902654087957,0
53.08635200778182,102.27425912243596,1
50.98189211786385,99.48259254939676,0
49.840736753523544,102.62065811660231,0
49.38391245129466,103.74532492715825,0
46.69627655178961,100.02454399431758,1
54.8181920974224,101.31337048256175,1
45.782694553469895,103.76284019754345,0
51.61642443512392,100.58119394080818,1
43.69749790453818,109.79672606598812,0
46.89373754895627,95.40800250906531,1
52.14395801013953,101.977004706355,1
50.75265410780952,97.22907834472554,0
51.44601954560256,96.92600635166528,0
49.562389950721965,99.12203350199528,1
49.53158174410628,102.15644427024444,1
55.25129488105058,93.1575292515871,0
51.94688270881167,97.791194108056,0
52.61717044984737,97.97558263096248,0
51.85984157784309,101.24285381200745,0
51.54037409688502,99.9408138430683,0
44.393875569694615,105.91108805474009,0
47.47003583946723,101.34091837276081,0
53.535387606976975,102.72356975266572,1
48.793919588484044,98.99086884301633,1
49.75861806885491,101.54628585673342,0
46.426200410339845,99.16126653262245,1
46.345754020527025,99.88663823512448,1
49.895842507984284,100.4842626542389,1
47.29113941212565,101.19462745795794,0
48.0576852563214,98.79880528084311,1
48.8955635890979,101.220403698157,1
46.559572658211465,93.22355781417885,1
49.369085222531794,100.48515831684023,0
53.63000127429263,97.60886733780538,0
45.772270973137985,95.08439805136128,1
45.215752765043874,96.65106832389493,1
44.555106229467206,104.8057716414645,0
50.794734474160194,98.95020174197444,0
45.634727198578304,105.43617421163452,0
47.3820591326729,95.98169330062039,1
47.613538579325585,97.2137264388959,1
49.13778985681631,100.26607955925769,1
47.3201505505358,102.77060417043762,0
49.08597821127997,100.80378018408352,1
51.95866054297595,100.8011790749368,1
52.95745413624971,102.88578377527561,1
49.08181920718693,97.81214738896698,1
46.77983057709215,100.5804836828615,0
56.160936398206175,101.94444915574039,1
47.451456961477916,101.92826461378365,0
59.66418729492994,105.74217741450636,1
52.682785137939256,100.86914064336078,0
47.943284771375566,100.18292909992378,1
46.989783914300354,100.8112945085271,1
52.248145028979984,99.82020836858293,0
54.00678745708798,105.35054645710721,1
51.47038658601747,98.5248369815683,0
44.13934416971642,93.85659057503572,1
51.93628469302635,99.41991745445914,1
49.555389872852096,100.71315598336136,0
45.873069452572196,95.60918389341845,1
49.06648032453096,99.00479792077577,1
52.40157595591404,99.7343450493945,0
51.30975574039563,100.7732608823384,1
52.42979274762409,101.76963561123239,1
49.17042153729776,97.65181598797558,0
49.891442160852215,98.42305987990329,1
48.73622462664236,101.9374902627289,0
49.628129610457535,98.0942135165128,1
55.74616009629013,104.80717557578787,1
46.13012310553386,99.40979489641721,1
51.31670230719748,100.18293461159739,1
50.43373849886717,100.05231324276046,0
56.27919048933464,103.79991785682698,1
52.938919346044194,95.09207113108981,0
48.538403614857735,98.8919098859956,1
52.78683069445077,101.79825832287015,1
48.80834931358224,98.23064780813124,0
48.41926660607773,103.14405627769332,0
51.02170285641534,98.15407819968436,0
45.642926816392816,94.83024818243557,1
52.986485386591454,98.57442023174917,0
53.868708358083886,97.05431179142839,0
50.6510449537985,100.14621629274474,1
50.740104817154425,99.35118482931051,1
48.90875474326903,96.41290652887722,1
49.786634842575786,98.21742728414273,0
48.078011252226766,102.98662346347739,0
48.11102379160672,99.41667025727,1
53.056239927079474,101.02268674102802,0
46.547399212512225,96.46763193938332,1
45.354257996718424,97.42644088554191,1
54.86059828633766,105.38420689410562,1
49.36103867573323,100.51724023341258,1
49.34740233120584,101.86257220303315,1
46.34291183172638,95.74634185664438,1
41.61865651248649,93.24129844116895,1
44.24039028303717,109.38697673405098,0
48.493731090484765,98.91667528635996,0
46.991963207854255,102.22115387594921,0
56.49767299734662,95.69490454126262,0
46.854910716536516,96.22702426027888,1
49.55674312865813,98.42033528140857,1
50.94432675364642,98.62233243652182,0
52.020883243693056,99.25527470247687,0
46.82906958024546,97.27840325853354,1
49.3625568036097,98.25189326459075,0
52.22236341436917,101.2232660755319,1
55.12493630257876,95.31621371908943,0
45.03068586000991,104.56395188213264,0
47.08970927818119,98.70625041484692,1
44.80628093398151,93.89040565068079,1
45.8434361174652,103.99330102422472,0
48.100577654932096,99.11712025188693,1
48.73010173860902,101.46664963947256,0
49.23458951474513,99.24076565666392,0
47.60435318814847,104.47669049604148,0
46.66599659906896,103.31827015667372,0
50.91302077304714,100.76961665119492,0
48.57225409531211,100.48903176411083,0
50.40758568206019,99.6558651044262,0
45.75347661183624,99.87707574174979,1
53.52150300955933,104.43209768874716,1
48.93133053780833,99.38753854106507,1
50.80681803777723,98.79319218596,1
52.037151555591635,102.34427748144829,1
51.24261559246827,99.09480428896916,0
44.63977872835933,96.71552972810477,1
48.833821625453126,101.06996258587321,1
49.635369502171265,96.99695170655893,1
45.58428189144657,101.68735503156236,0
49.94015470931549,99.19606574839081,1
41.06365903593621,104.27849357936137,0
53.897124398857315,103.32190339269543,1
53.39456447607432,103.91979132226419,1
50.55190794960085,98.30040622901417,0
43.64431044907532,94.90709708633919,1
52.837165771458395,100.13222097702246,0
46.72519248104295,94.22637190339368,1
50.52016462043051,99.2445232509714,1
48.5271014986698,94.94571890174718,1
49.96964638798642,97.17322604869483,1
48.25307877661004,99.00362306417396,1
48.58691603604988,96.77341356408118,1
46.57812038744309,99.48372612670693,0
51.303374694464594,100.86442367820143,1
56.80827827792422,93.38776461559225,0
49.42465663182487,101.17833402100669,1
44.3069988011877,107.58409441985384,0
53.16810057569434,102.14596600973225,1
54.45034628358942,105.70605081018472,1
49.33807577355854,99.88119211573095,1
47.4920262702509,102.91819327690654,0
51.78284073397694,101.03728644974672,1
49.92796403688218,98.67538189364059,0
48.707260900692454,99.66891773308683,1
49.0992174466747,102.6189580079005,0
53.96257807268389,103.3272978473277,1
54.00473645548449,96.00016583511348,0
45.260480382578265,95.77075538680403,1
49.51614990963041,97.18228395236576,1
46.94903971325362,96.94935603228807,1
48.75664523829612,97.77695499202632,1
43.282094959718826,107.90141452883853,0
55.1314301883202,107.69197469307912,1
53.40161212268668,97.43039072517288,0
53.87100278315343,94.75297563743959,0
50.03503647410801,97.2230865063314,1
46.11603515072759,99.06464463497288,0
47.088015302646035,98.53533272877283,1
57.102886588375036,106.25527805890836,1
50.10714799326562,103.94196942476802,1
41.4810357012202,90.43528037695978,1
51.502562768724644,100.58771036009391,0
52.54305359673838,99.37277023615702,0
48.000247696166376,96.65918647319994,1
51.52799291264767,106.37733462845945,1
50.73167542535473,97.48630034640328,0
49.73683307382819,97.42079831310599,1
47.21691658426702,107.61249883899919,0
48.880560977601874,101.34798458821946,1
47.962486466161046,98.73006125507108,1
49.833098910469744,99.44881144610076,0
49.83417598943571,101.36018082733547,0
54.655439628983444,98.71777447465024,0
51.48067467146592,97.64875688808795,0
50.900873790568134,100.8401761486359,1
40.81535434855991,107.66603245115277,0
48.224632039317285,101.89386847357693,1
51.30312621188902,100.9757134921327,1
50.44994639388426,100.4046743003567,0
46.052250987900116,104.78306999118779,0
49.27839547107611,101.08263688651255,1
48.686592051046595,100.40411970989886,0
48.32049882569504,103.26968588266416,0
48.434096582248756,96.92696053596363,1
43.86379175442449,106.7258826554913,0
42.56155022259502,94.39088788167145,1
50.73828544123808,102.31614219429764,1
45.834559343180125,99.23925053381802,1
52.7795255613404,94.47538545920771,0
50.340170098993404,99.19150396761067,0
48.713698218580504,103.10467822522651,0
50.74708924714883,98.55272296243072,1
55.44561438000159,93.55842490272788,0
44.40311327217132,93.0347361665885,1
46.25917240190528,98.46941084110159,1
46.897657514954,97.49646719652783,1
49.11920054969443,99.93576189909263,0
50.92371910247496,100.41710051011378,0
51.84967973011884,100.8140719220214,1
53.513381076500146,97.56411205713987,0
49.12909614088856,100.5552907259163,1
48.205887306963426,100.96507711287894,0
55.08191044143157,106.37286705305216,1
52.61828128624405,102.22361378762226,1
54.00401612463074,97.60732102464536,0
49.565514907112195,99.0582507538232,1
48.45021019582931,99.17868419452341,1
45.93047469976959,97.79622558379415,1
47.9947221584423,96.44846502529633,1
49.99669396537043,102.12210469019985,1
49.83177606130102,98.99903471634497,1
53.461705087958755,101.51981800547581,1
43.61672898794329,107.40186093832574,0
56.597052330963095,95.71458442181819,0
50.47004997799448,98.85511855764442,0
45.478750878177145,105.01022332926959,0
47.88232569203343,101.86368422906658,0
49.60551835509865,99.86951018705646,1
54.26676401161598,97.83848978869979,0
53.053867442363114,96.47760783856,0
46.56850292626558,100.6684005977985,0
52.80201358752324,102.14206374444915,1
55.4803847728652,103.57334365290455,1
48.495060549834896,101.81492376393862,0
47.783331445034044,101.84890905322888,0
50.14102070756167,98.29811324408007,0
51.67455626347524,102.5925421428733,1
46.77900805019106,102.65539516248077,0
49.49721803401372,100.42755923758048,1
47.83469409392124,95.50815750077531,1
49.82729312848465,97.75004422718918,0
52.51581078621695,92.72592529320949,0
47.76794548025711,98.99472419093027,1
47.047872874458704,97.47812066783769,1
43.11184071298928,95.70428464671419,1
51.63647547679952,96.64342323047754,0
50.2716526433114,97.02968537597026,0
47.384440389351695,103.40734589835529,0
51.8947751489523,99.77130915153145,1
47.326369479119485,99.39869391161623,1
49.93322632950282,98.4353688221984,1
54.46942950194025,96.40118323228077,0
57.4798210004331,106.84235961310996,1
50.528537347410015,100.04500875341209,0
55.66504056592511,106.22469844105007,1
49.328388674186726,98.22779517629445,1
49.871432983990545,101.3959045214388,1
52.517580753322825,101.51835785773676,1
49.394627440783374,102.03871735789856,1
51.003709949025506,99.92612429160825,1
49.24116388167693,102.82240798266011,0
49.66084193184676,97.62244447199957,1
52.72631851471169,98.50335491099719,0
47.957147977322336,101.84162531773038,0
54.57592840200474,97.8463104530984,0
54.719284287764104,102.21105499157504,1
56.79985037870583,94.44869315481748,0
49.96376139789225,100.98601921091694,0
50.27096713009234,99.09780224586322,0
55.45567146057487,102.76138123564597,1
45.79069610534057,96.65553473754785,1
48.13606148644841,100.1262848330363,0
50.7886884556227,98.46658054963892,1
46.97062114887178,95.11449721203238,1
47.91241172245871,103.88302772947705,0
53.1548759718884,105.45116640633077,1
50.34916256694151,98.68362984568176,0
51.80992055276666,98.25933983510576,0
50.578147971675676,100.99421566746094,1
57.18556436323422,91.38334951819857,0
54.94759136176981,98.30154573240063,0
50.51087517401355,97.93998830088071,1
46.86513118803627,96.90413698158675,1
44.91442676727129,108.24869714234572,0
48.4346914038901,103.00656651853103,0
50.91420632717242,99.79894536150974,1
49.65085972091814,102.03681308015744,0
51.336885560677366,99.35142345793103,0
47.25705647989339,98.93991547133521,1
52.09336751465927,103.69766534435257,1
49.7249686282906,100.19325155315617,0
46.54703268640579,96.25183337154313,1
50.4936711262416,99.49074088416889,0
58.152786314219284,105.45069112014073,1
48.579920501772364,100.87529043998269,0
45.534339456197245,105.51576127403871,0
44.1089849295047,104.48968576522607,0
49.60456631822161,100.06562717635889,1
46.4107033105744,100.68573610774047,1
51.18025284530432,102.2828440757057,1
53.33194972861854,102.23030948922026,1
46.68773581097114,100.92817275907439,1
50.12706079605086,98.74690524033822,0
50.59402402377279,102.0736623844477,1
46.737711275758215,105.34868072346842,0
51.63575093767347,102.01100850265954,0
50.372674577792644,101.71762953407136,0
49.34198376125947,97.98155405514734,0
53.06821871381625,97.24227540800146,0
51.087429134457736,97.8127166013509,0
50.94715043396304,96.66089039096194,0
49.79711844881084,98.90136142828226,0
50.30265980432388,101.38906748615203,0
53.88146653792323,101.69539536836018,1
48.4232109900241,95.60633006778001,1
52.93770361921487,100.07950052429368,1
47.8792751030358,98.17226772496728,1
49.009153986305265,97.84845926957757,1
55.88588533461489,94.83637509065409,0
50.75775998944358,101.0000196940783,1
49.18521600582817,99.35058398203691,0
47.37308246415847,101.94924844642996,1
51.12909423318432,101.26339019182154,1
48.804031026850865,99.5567346412098,1
53.98020531072341,100.91723872706962,1
50.85613140587485,99.06266180634364,0
45.393324118666406,97.0413535852089,1
45.26465052217272,95.4060466753857,1
44.64760788657488,106.957689761477,0
50.73372243318061,98.19085492510939,1
49.132559076465945,98.95288135377743,1
54.88471103258016,96.25735927081725,0
54.93293326836784,106.13771599662711,1
50.959369159458596,99.29884101719215,0
51.974993701218445,98.04571401900468,0
54.496335222633775,99.63672483164679,0
55.02774878539286,105.89330673193267,1
45.59569153313245,102.90418976613981,0
48.53473289594547,100.27033018105814,0
49.815108671962236,102.21363985625523,0
49.40805716650009,98.1479765749216,0
52.38103771965281,105.32320761035882,1
54.66356630350393,108.58934459377767,1
53.82051299090385,104.48628997809833,1
46.36303075200866,100.7895971459244,0
48.380764948903376,101.70499579449049,0
51.219465228949275,101.42785220597354,1
47.14806844371528,98.75417466578072,1
54.237123274886024,94.60867992581832,0
51.80837708468066,99.76252363700084,0
52.35450356291575,98.9093188897082,1
44.348533407724204,105.61697347665412,0
45.36065917120324,106.57992768047339,0
47.38915935378042,96.08426677129397,1
48.4762033129904,100.00413562467475,0
48.67783967018764,95.19525435436454,1
48.201516404184744,98.99002995032467,1
48.408207152521896,95.681507764436,1
47.326876985882386,101.95712339823159,0
44.412709429029924,98.65669055595521,1
46.33879942831059,102.58296392165316,0
54.398574945945676,94.62438709124312,0
52.95526779002786,95.9882174359415,0
50.21978653769429,98.90265866686146,1
51.40060877632162,100.13079039351805,1
47.97368816846104,97.31604246219268,1
44.46737118876564,104.590956779544,0
48.324338944090805,98.91638920504528,1
54.072116839230915,94.42982280064798,0
49.299373477300186,99.28945445458042,0
55.44050992497414,102.8089304276356,1
47.45279640202469,102.08620492414421,0
52.30199737928726,97.55601341476127,0
47.021795624096214,98.6015896552565,1
50.17892052350388,97.9846507853322,0
52.26832322956664,103.54017162041274,1
50.05023687533049,98.28091359786337,0
47.78588148900891,102.38885465352942,1
47.114829728689514,99.46538889163737,1
51.421139430111985,99.12452096895585,0
45.170359858013796,106.84570879185802,0
53.51609963289975,101.16071575622762,0
50.65294889500827,100.68190642694533,0
51.9171350251377,96.92581575079596,0
49.629135146989356,101.67854022502539,0
49.78192856244829,97.85644911119775,1
50.05929572715711,101.31352758098896,1
40.074496686374864,112.88584129764727,0
50.97742247542458,96.91336900144523,0
54.639605266967656,103.37150824007101,1
48.69093700640701,104.51507177607505,0
49.18179656549124,97.76775026734884,1
45.72157358060315,100.64011036269959,0
52.56207671439944,100.4307795413847,1
50.62334602743761,97.44657558222184,0
49.364320738605485,99.24284336359891,0
49.96442878020417,103.14475743340348,0
52.45822051442801,103.04310318352957,1
48.70863192513611,102.94712354709227,0
47.49987265823651,102.16342299872306,1
54.74344757545887,103.10644713374515,1
48.84906663787034,100.76120532252581,0
44.95969035334106,104.7419506211045,0
45.464239336586694,97.50400732912189,1
51.849533567064405,101.90073311705933,1
53.74113317561503,95.72132105024623,0
50.704180474816084,100.79403124129945,1
48.92946519273876,101.19946264211787,0
46.10582183197934,95.3285816557556,1
56.69964803242595,102.45094698393142,1
44.76374803721882,92.77442994954524,1
51.881047363861896,97.81624984424857,1
52.359254348242125,102.88808338597568,1
52.19693618671441,100.8663753293521,1
47.05479086190151,101.50844072735644,0
49.67181197631581,100.97403250425181,0
49.70283711824033,99.23804660233452,1
56.829323881985786,105.48831440090945,1
49.687429931382894,101.27141927061291,0
47.548378261828184,99.89769647167758,0
52.915689045320214,103.47526616132612,1
52.20343809915371,100.44180009185422,0
46.2461046439834,96.48873587887485,1
52.59004543902036,96.93573919820348,0
48.94275165900136,101.41390740188385,0
48.67300607958104,100.3519232951248,1
52.04357101270531,101.9774758738832,1
50.86107826563969,100.90688380833778,1
42.51958410808906,106.47198141168745,0
51.46476974244792,101.05363528005925,1
48.98895828267118,98.70084510438669,1
49.7082374908091,97.86849795679518,1
51.55752266244651,98.39075276293748,0
49.29207794685633,95.84723982358152,0
46.76180249255888,97.78198686920875,1
50.7259581087361,95.9338438525164,0
51.20466718579746,99.83649803050365,0
48.12040998785279,100.16995607789977,0
49.27520259959583,103.15240309010139,0
53.047633666909434,99.77410980653521,0
49.36250156127603,99.39566000761086,0
53.6972011686181,104.70764073887509,1
54.078103852241696,103.56826795833368,1
55.984659930378164,105.57211477634705,1
48.62496782864151,97.24901524673635,1
45.974676217719384,93.23744661343443,1
50.620338716991746,99.75456747260155,1
49.31220408557226,96.8182126271572,1
42.86549402197212,105.93771639569951,0
51.03200942296066,101.57999531492791,1
48.610335386505724,98.36597688572677,1
49.399857600763596,102.55070532422907,0
51.22266201007061,97.92617000465567,1
49.901067805848086,99.37180917080632,0
48.15433703976984,102.07560492582915,0
51.56682001959644,100.09401864103747,0
49.96953092940899,99.22481466961484,1
52.93416239971555,99.19637051453685,0
50.194081896505566,99.5301800033186,1
48.16679922069929,102.03355779205083,0
47.75635185103288,96.62081084776752,1
47.32454449404907,95.43594523996215,1
50.87583491348024,104.46772992523084,1
44.71108076158993,106.08678980989723,0
55.24282453794029,96.20201089553352,0
47.7158999275569,101.56133777243157,0
50.05710677564698,101.36021602769368,0
57.36243680566697,92.6002011940012,0
50.526428401117535,99.28525082306967,0
51.631959054008384,97.86621981237312,1
51.7713529154954,102.98126646448357,1
50.52460386905849,97.30583002851947,1
48.65516747880612,102.25760274357161,0
45.44722161081032,107.14814323619069,0
51.351865102488226,102.51616473066106,1
51.12271454338795,102.27283980386935,1
46.641028774367314,93.09397836512002,1
50.731965817623546,100.95714350395362,1
46.414795538821714,102.54809353245737,0
52.8032754325801,101.7510203921398,1
48.14478307014395,96.73992198750497,1
53.86632399817418,106.8463277641308,1
52.21852869591747,99.91040992268806,0
48.70112362180765,102.58316417931522,0
49.449966899755346,100.94089226483139,0
56.195909269122026,96.72610174121533,0
44.92892727151214,95.49718222425213,1
52.39344609806805,103.25688816773554,1
49.64901810544945,99.29491942118845,1
46.36083117499423,100.51728108663121,0
47.93591327088052,96.65596756186865,1
51.569123294558615,94.15169774412813,0
51.25072380178223,103.04391740614932,1
51.099728327257196,98.38049342677836,1
52.782608812384126,100.39489042355794,1
54.49304661625055,96.08490904259442,0
49.35214280086424,98.4110625275539,0
46.28658781029019,100.45740788123949,1
51.8976489119036,99.7626295225371,0
51.15191216884404,100.1200727124387,0
53.06632729575976,95.49932645174391,0
51.215979458050576,101.2347235967546,0
57.458612561637565,93.43617352379596,0
50.50064279296005,98.80236013011161,1
48.87085409591297,99.14786652055881,1
48.50659080913789,98.16982859006103,1
50.57142170831111,97.81788593316912,0
48.74380749536717,98.30063434857132,1
42.900362012972806,97.71549875155486,1
50.33264452551614,98.79734280507225,1
51.325358171011835,100.69435140377499,0
51.65465246101515,98.74705062569495,0
52.737994555707054,93.11586938066014,0
54.78224201942871,107.65956448851601,1
46.73078450530615,104.0457676339322,0
51.041886580085084,99.49978700845776,0
54.59224618838008,101.81385829401503,1
47.77664052687913,98.41553094778654,1
47.35706976469126,95.93713931621652,1
57.994443356616415,105.52278371914248,1
44.50245204402413,108.16005972848728,0
45.959817625540595,101.20162261203642,0
48.21115418770981,100.44483967665997,0
49.9654599480599,99.2736508361766,0
48.86387427618172,98.97351473056193,0
50.967247617505755,104.56673731561823,1
54.125281361569336,97.44545631663225,0
54.539697355467666,96.35290109057108,0
53.26438305189066,99.24522571631856,1
48.21514640733557,98.41803327404394,1
53.525265732380966,97.52083547309918,0
54.313575386315605,99.37579662572017,0
47.866879645147904,97.14794621630891,1
46.2707646901652,102.65888299944807,0
52.04409809647665,98.6608613624974,1
47.688185414879214,97.66907034203145,1
54.26250281607094,103.13481569563382,1
53.279967473238024,101.8646647525999,1
52.43737855958072,97.70784848813597,0
48.20121638750061,101.7239546663296,1
48.15123721982243,100.39089882554634,1
48.922626451274006,95.09836290033272,1
47.96978269157719,95.93676476548728,1
52.23286968451775,103.17113542691797,1
46.44051138945556,96.68330834547339,1
53.43174630063352,96.96651833776345,0
45.95060244573103,102.24606194528404,0
52.57488964161514,95.25446482301113,0
53.544557374145626,102.58953140388488,1
48.581560529804136,100.05380638327729,1
50.81542006449925,100.3504168853762,1
48.889268723398615,100.35428253175826,0
51.128297699675656,101.46778598323144,1
50.41095300366115,99.51439864481995,1
48.33719938171548,99.14345160547172,1
48.13092226239593,101.44150295313935,1
48.62902845792219,102.56998030845494,0
48.02752723836059,95.97627923640586,1
48.91528858252639,95.53989774798937,1
51.02082676476618,98.70744457926786,1
50.60458862400088,98.74859973794923,1
49.82724377280049,102.45329494442686,1
52.225313835336486,104.41540108275666,1
47.258791871255475,98.24215940551247,1
49.99648550813132,101.15071559739357,1
43.08710979088054,93.59387274394909,1
52.07042096885171,101.09728887393818,1
51.37632064615726,97.55076497269897,0
52.585301096046564,99.33836528947133,0
46.09887469770398,94.65529264370713,1
47.51593788266478,99.5893489904016,1
44.579823221407125,97.02273209789816,1
45.86447661818987,101.82735804322444,0
41.67462018455493,110.95547201714021,0
50.54495869838688,101.0464069469385,1
48.62614043152194,99.66972931775905,0
51.574929183027706,96.64688604837171,0
47.82233607999471,104.23241083177348,0
53.744737117200756,102.96554269175874,1
59.84587312082979,108.77024772294924,1
47.08884261562913,103.77501235118476,0
48.48810957244112,101.78674621855761,0
47.945265401567426,103.2072912456214,0
43.786999477208546,96.1762242362124,1
47.80506473844597,100.25747370359267,0
42.43900273418669,91.42690227312953,1
49.51727290491192,101.15805863327766,1
49.00458273319913,99.3787163420547,0
52.424900594706486,103.31252211302665,1
51.49584256869462,100.61786511881434,1
57.975908908645984,106.93438069263323,1
50.39985242598545,101.26477313064008,0
49.90446125103811,99.86648378628591,0
51.676510034272525,99.54885439191996,1
50.700338837632025,97.06315923374831,0
48.03941901567513,96.85621237411081,1
52.704337755860045,100.95321093459796,1
42.20578270079915,92.97124863181837,1
47.54323625714487,96.28154649575586,1
46.93344305981105,102.34180742466636,0
51.57300581238604,100.46897720804282,0
47.284820788582564,103.97553265663811,0
51.59536180331413,97.75956178749296,0
43.32745988881692,95.76223807379665,1
51.04053697533075,99.55882550035243,0
52.519244274573275,95.40030987058068,1
44.518458902952965,107.41953972788883,0
46.883097402692016,96.5616889107752,1
53.462665193740165,94.93390666065027,0
47.40578254306477,104.22357158963995,0
50.171232334482056,99.99671624437087,0
53.513143504240794,95.39202697394798,0
44.05471604351868,105.71026976426637,0
51.83474898754802,97.31872726994614,0
47.949992545746625,98.57162853558607,0
53.02549747828994,98.78670643565069,1
46.49102395988667,97.47592064455728,1
49.39799942109228,97.98204932835174,1
44.52240406840888,104.70352139727112,0
46.48225063105756,97.99333493005554,1
48.37339740735376,98.63963449289831,1
47.058269613981054,95.33864513124716,1
46.65135590686168,96.01584253060231,1
49.362869709670804,99.12688864050544,0
53.3327130264048,104.74357204291015,1
49.13606750428972,100.11654938978555,0
51.62841257094301,102.70696074643791,1
47.09134207525342,95.11853892089655,1
50.62628663239096,106.62259548233939,1
51.87165558057892,105.72520810404436,1
49.76639563063544,101.90215735282993,0
45.488422115393455,104.2253109374705,0
53.9733844695205,102.07599291616489,1
50.28785247485434,96.98230944464564,0
50.66366410253062,99.25966339528242,1
48.75983791243214,99.40495209861766,1
57.6442579482042,105.60365451455557,1
49.58776530687537,99.75552965042932,1
48.862356776530525,102.2293695293402,0
52.02472710373813,99.2409131126656,0
49.35712861331205,98.52303270057091,1
53.61814324681564,98.45389724957037,0
59.7861358412067,92.27879844315542,0
45.2410356046627,96.75099870284252,1
46.626875585450875,99.6379838857638,1
57.82348511458889,93.82130370339239,0
46.74035411249963,104.95679670563416,0
52.402372765022605,102.4351661244793,1
52.61401833207494,98.36009145996485,0
51.94102658303752,100.87533433230438,1
53.668041681172184,102.2898719926534,1
47.23418100286127,102.85519245254318,0
53.61531750887514,98.45386074024563,0
51.90355324986826,101.08663951953997,1
51.031596366144825,98.97102544853492,0
42.94578358318128,109.57573915690858,0
47.12818941133748,97.10049379209389,0
53.5226686309087,104.12152894971328,1
53.14046327460211,98.08301198119386,0
44.66835665905861,95.40894498607632,1
53.8085108960774,105.14573327297317,1
51.294524843553866,102.75370062034628,1
50.899254194000406,102.34662868933738,1
46.578638559298504,97.74291676289185,1
48.42256244236533,102.69401261263835,0
49.27323676221573,102.60654589039464,1
47.18905136089621,101.29880052778839,0
48.53334078397765,99.26220870429887,1
50.43235277228713,97.92572689226989,0
42.836395481925344,109.49403861507058,0
51.01095441179012,98.88123399513528,0
51.626532537062275,101.19195594303667,0
48.18634249233713,103.78061139588178,0
43.926865384024445,96.51631808111776,1
51.454656882418874,97.86368928537942,1
47.42176917337137,103.90781892414988,0
49.46998630926141,98.52780601458416,0
49.73793313596257,100.07836870966,0
47.80089005625371,105.28756492507085,0
47.00863484379582,100.80785491853152,0
50.937846108360255,98.98848335372482,1
53.081771741063804,97.95285064368568,0
45.98651717915541,99.71305219722146,1
46.38550172498563,102.64411724824276,0
52.26616971387803,100.15436537985249,0
46.55834320719842,103.71550183494023,0
52.244165980658714,101.38673937477873,1
51.860807751110144,101.6578357517383,1
50.41470031585252,98.83320752680048,1
48.52520382127525,100.20906549344556,1
49.93968057387691,99.94527172124661,1
52.04625263549914,106.7060970025077,1
49.6478827886484,100.73278503333198,1
53.84440053765891,103.4517632016351,1
50.000877989421355,97.55796880728971,0
50.31706063392085,100.75934867007312,1
50.16321657436825,99.23785272926096,0
55.5131429119613,104.79400735689879,1
43.70599672487185,94.93554564476646,1
51.48052418727531,98.11231041398831,0
51.05222265254999,99.05912952928493,0
47.635413897306556,103.82941556998385,0
48.959934439956484,98.9604186680283,1
48.61672169101532,99.67754509709411,1
54.94615350453364,94.68383054490296,0
46.39231057524466,102.10229577071996,0
50.44716484097448,98.78011298193044,0
49.68533899123734,94.88850608440663,1
48.38226000426641,101.99532507887157,0
50.84526076895062,96.83569293731072,1
48.06847762933275,97.7994503344751,1
49.4675673660146,99.46398246352332,0
46.01579551594092,102.56952843464398,0
50.721621994235356,100.3516872537237,0
43.30483981358951,100.90142795842554,0
44.28737993809251,101.0338454416107,0
49.691293533355875,100.30842212535902,0
51.96016464616322,96.00360811587406,0
49.61097863236438,98.56614662104423,1
47.44171402837461,98.50941182962991,1
48.14784876037601,97.33184506452082,1
46.652573037593406,96.81875810786967,1
55.24272490463767,104.53354891397075,1
51.746578701574514,97.50757336025528,0
48.91336633055193,97.52286907533721,1
51.37557817036989,104.50156837195927,1
47.17308039830937,100.07025581932895,1
48.51572145960286,99.30479046415908,1
50.20284960439146,103.54558158837933,1
51.59085835377727,100.63254192358183,1
49.18654628767041,101.61111151183691,0
48.383086551564006,101.6328275220748,1
55.42254141732013,94.10672968514348,0
54.440967742175616,94.48460255643327,0
48.422920870171524,102.20417301377498,0
47.99769414654183,100.83788390158414,1
52.93349698390952,96.43094188806961,0
39.50381107652383,108.41828199436355,0
48.79724964320561,101.96441746854245,0
48.62829661935064,97.75939607251043,1
45.29261671141762,95.74497862604728,1
44.521924773757945,97.6330680931132,1
55.34723271178658,101.9547893825083,1
50.45109126665892,99.43244927720055,0
54.48134358077928,95.48638426562096,0
46.34283629083024,101.93040601914795,0
51.43864831576823,99.38892053256623,1
49.83644944481864,100.23472824582964,0
50.77248212283205,101.529683789901,0
50.13492988982464,100.29996638430201,0
51.0162911340345,99.23725530979274,0
49.76058466596836,97.90978868763376,1
46.77584749416088,103.04487856079575,0
48.753464768820386,102.46968429412186,0
51.35099189659128,98.74621537338524,0
46.16836139857485,97.02261867785379,1
56.8211822404428,94.52105766546603,0
42.35703095610323,93.05330038766321,1
51.91360725534374,100.75060441141328,1
55.7048924388848,95.37895380598131,0
49.946503398638455,96.16545241611115,1
51.32197257054686,98.4008085589956,0
55.54720235345729,94.3136222012414,0
50.52750881877424,103.60289618575729,1
48.279437773981385,100.07666063778358,1
51.01587275012214,97.18607834349906,1
47.2993057621983,96.78029870010089,1
49.882549916504225,99.34900085961007,0
50.0726134117179,103.57769026082657,1
54.918411923727476,97.131776802895,0
47.89078229581407,98.02637299690551,1
49.861175681718265,99.13746788181454,1
51.389261555966215,100.17529532212227,0
47.107590957617354,102.26865059953394,0
52.35050813988947,99.19772157172639,0
51.90826025474992,100.71774006404354,0
51.97574360240924,105.12550203196626,1
47.10382563124242,100.88838127626683,0
45.31407083424287,102.85980279325642,0
45.9360103439493,98.35016477906566,1
52.25495864582905,97.93337296339318,0
53.23666883849489,94.6722159737348,0
57.45058749614727,104.17862349734428,1
43.82026829997928,101.52293434567093,0
48.506862892325316,99.12861905003932,0
50.65843985903515,98.41252345145008,1
45.68228043860792,104.62399971970042,0
41.34272059175171,91.89918963728257,1
51.72629821509235,103.11201676360007,1
53.2956918795817,97.53200316968741,0
46.77934085069188,101.30117884264762,0
49.998294249777565,99.01496146941278,1
47.61269375283149,97.06666658103437,1
52.503100752525945,96.9183137089011,0
49.65526978104775,103.18447938007708,0
48.153160681112844,101.86634420532367,0
44.77414353004976,93.74131501613032,1
51.802290119652724,103.18295092965856,1
43.90670491152936,95.2858032989119,1
46.38459935909084,100.75302474596901,0
48.87977666327231,97.4785389865931,1
53.22880301311823,100.34017075435823,1
51.20837241453661,99.70518395227221,1
53.45166400609648,103.34005612673982,1
50.59169746391309,101.20068789549468,0
55.015754995069244,97.02361492965736,0
48.304824931024946,101.84753672414685,0
53.15809850737663,106.65265449574177,1
44.02498269883238,107.73689009137489,0
49.18081329643827,100.34755143687453,0
53.78385878959036,105.68394088225476,1
52.001107880978076,96.89816101604309,0
53.38275736024838,96.0431307138237,0
42.725368398339796,106.36538754656284,0
48.68237195471488,98.98540063048472,0
47.749749944508295,102.72658375577922,0
55.04316779712089,96.18443824056948,0
53.57369771351809,95.56997534225498,0
47.467310137924734,98.11605775402627,1
51.789171609707225,103.64467638418222,1
53.247787222667874,101.65835118403528,0
51.87815740200811,100.13406454572186,0
47.54058903623189,100.18584465301306,0
49.82121354749304,101.22767147045714,0
50.55496998167974,100.43222120787593,1
49.68216285268197,97.95605800271962,1
46.13809671343974,106.0743602664736,0
46.26379021007174,102.16041607842855,0
49.33608350573852,102.45818484623352,1
48.230497568902216,96.16605709421977,1
45.91346233781526,99.31099947640257,0
48.62165250724984,99.30084974591165,0
51.71216100460621,98.48606724223539,0
46.109896917583896,103.64583507616945,0
47.100479061993184,99.34679279269511,1
49.419198268567534,99.1030808340894,0
48.5770340219778,99.7005870729172,1
50.34808487088064,101.44695374444366,1
47.46454207824182,97.52304658634785,1
51.04310742647528,100.82118677097284,1
48.39178022763398,102.16897004338657,0
54.70904495475751,96.44139180864764,0
51.18663857851885,98.60408657202926,0
52.498293471850964,96.6234699140162,0
52.25443225215327,97.5423284534502,1
51.60969729237112,96.29803886767841,0
45.119766974979534,93.51478752681436,1
44.39693239190788,97.43450139354836,1
49.46390791792328,102.37029119121111,0
49.278753552434544,98.55383459867902,1
47.27947694685753,98.46634466713066,1
46.44659974709464,101.5659976080879,0
51.26058283083784,99.49039127963108,0
50.45714663407743,101.64646159851505,0
50.67884197096743,101.36116149139174,0
49.93586480632845,100.2770489310319,1
51.693160407764964,98.7835987526743,1
46.26530537194844,103.33663975138423,0
51.89700417864276,99.13008232533838,1
53.91103639312535,102.97535916420547,1
50.19182296515022,101.97085448162412,1
49.487866716622676,102.16601639588079,1
54.89168805726801,101.38864002506718,1
48.87085222628913,97.37346609299821,1
48.995306045729166,103.99221744756221,0
46.87516984758537,102.88342950993318,0
47.465089647102374,101.31108942245847,0
47.01083802555042,97.23581976003422,1
54.54565177195006,102.89456637975822,1
50.9333105790719,99.78121537440951,0
48.28995351423059,100.98308486733566,0
46.30821813509871,96.17878697215052,1
47.48902187726996,96.45559941655966,1
49.51496070385702,97.4968188044606,0
44.945004526857716,106.92282097250283,0
46.36485616813734,97.15421560006564,1
46.58357924554166,98.34119420024814,1
45.14223559919672,105.00527786226569,0
47.46322841382512,101.8255816496137,0
55.94551602298191,104.58302109334582,1
48.38227685837812,97.85162255969081,1
48.162523014577516,100.55243086337667,0
52.54013794658966,98.89527176868995,0
47.76494005876015,100.64618922044527,1
50.8616174144734,100.35629299219353,1
48.284888606434905,98.77029947693717,1
49.50077054962899,102.47025527631331,0
45.810018330634776,104.84208277281773,0
54.34205997055673,96.87075306402915,0
48.08322730236608,100.5140003114226,0
45.07592502549801,96.0222424743384,1
47.870318571172845,97.46580760754273,1
47.80711371080191,102.10679733473062,0
44.525684792814246,107.0492304968536,0
49.40255011979964,100.56622862649903,0
49.14107389335272,100.68559243961444,1
43.43871490005681,107.34840869842427,0
50.45940029094723,100.4905524753791,1
52.09153782960446,99.20402604568797,0
49.82925453040953,101.14771354388454,0
55.979160187268945,93.01332804982276,0
47.374784268796205,96.50485453358691,1
48.06595822662317,102.94760989438784,0
49.318195106078306,101.6572551136926,0
52.08451268682218,102.8703238314744,1
57.33961204929937,109.42376297496001,1
47.43017523155723,97.02672561590559,1
54.45347450989796,94.86367703821918,0
54.351111758085835,103.10823508279617,1
53.74737291155952,101.24178187411687,1
55.23164751191466,107.42797725243062,1
48.87345960830147,100.99359915195096,1
47.93318603805645,104.75080966024093,0
48.62366934740003,101.3082706218056,0
52.505993042024464,95.2539136950188,0
45.751651880273826,106.86609028476224,0
51.68776191993016,94.87629712313654,0
50.487566233335144,100.84542674993097,1
51.05947740372581,100.62610086678377,1
47.079852747887195,102.01551224878993,0
48.76783378733205,100.71738860508586,1
49.20151374905496,99.61775298856942,1
46.90207838568681,104.7846705134774,0
43.999453331389354,105.60560170381773,0
47.98103376794855,102.82038975140584,0
51.817532955972396,95.95989472572978,0
45.06462151430125,103.5728260101872,0
46.95316147724722,97.38961942758651,1
51.262808696587236,99.09546330541488,1
48.40515521562899,103.16304267521035,0
52.09555602535104,95.08580369059186,0
48.54354056326623,101.78907110329243,1
48.124406111585074,103.26145268232412,0
45.78762037766112,100.36406155461707,0
45.35083802658893,98.88070456383203,1
43.70444224035132,102.27675176965991,0
52.524517745302354,104.40925927968334,1
51.17466376225531,97.43439109816018,0
52.08336329486758,97.74450708386709,0
49.06010930835722,99.7787251968312,0
49.15987295529715,102.6256659132654,0
56.89428227005699,104.7137144040094,1
47.25657632365538,102.76448289968795,0
52.75521176627985,103.14814034165879,1
42.79626268911423,108.09697654513216,0
56.64865609932877,95.22524286288609,0
51.21867725484425,100.11613557539347,1
52.60810327379902,104.58261091398225,1
48.58095862196872,100.8601244367907,0
47.49470220494039,101.37022326181936,0
